position,shape
1,0.63
2,0.015
3,0.003
4,0.028
5,0.053
6,0.047
7,0.059
8,0.03
9,0.107
10,0.063
11,0.248
12,0.191
13,0.375
14,2.26
15,2.67
16,1.779
17,1.601
18,0.03
19,0.146
20,-0.006
21,-0.009
22,0.012
23,-0.02
24,-0.013
25,-0.012
26,0.304
27,0.51
28,0.757
29,0.572
30,0.304
31,0.356
32,0.029
33,0.0
34,0.142
35,0.271
36,0.052
37,-0.002
38,-0.011
39,0.095
40,0.096
41,0.026
42,0.002
43,0.001
44,0.047
45,0.007
46,-0.008
47,0.025
48,0.281
49,0.755
50,0.012
51,-0.059
52,0.009
53,0.013
54,0.034
55,0.034
56,0.031
57,0.078
58,0.098
59,-0.053
60,0.055
61,-0.016
62,0.035
63,0.059
64,-0.007
65,-0.037
66,0.031
67,0.059
68,0.217
69,0.25
70,0.42
71,0.163
72,0.169
73,-0.001
74,-0.006
75,0.061
76,-0.011
77,0.021
78,0.005
79,0.022
80,0.008
81,0.001
82,0.761
83,1.181
84,0.225
85,0.219
86,0.005
87,-0.003
88,0.011
89,-0.015
90,0.024
91,-0.045
92,-0.007
93,0.015
94,-0.018
95,0.023
96,-0.017
97,0.004
98,-0.029
99,-0.003
100,-0.004
