model_path,source,group,shape_naive_vs_expt,shape_naive_vs_ref,rmsd,shape_sgnm_vs_ref,shape_sgnm_vs_expt,f1_bp,shape_erm_vs_expt,shape_erm_vs_ref
data/farfar2/Mol9.out.1.pdb,farfar2,FARFAR2,0.6309244073144938,0.8207677342949549,14.822,0.7808356996615406,0.6074132307419917,0.7796610169491527,0.6142217414511897,0.858390854501229
data/farfar2/Mol9.out.10.pdb,farfar2,FARFAR2,0.6737155331144679,0.8821964123582838,10.515,0.7834549402930717,0.5995526052396581,0.7999999999999999,0.6332566727661958,0.8053661400595769
data/farfar2/Mol9.out.2.pdb,farfar2,FARFAR2,0.6309244073144938,0.8207677342949549,6.499,0.7486437646434503,0.5989822447146266,0.7796610169491527,0.6655134499438736,0.7767104490953891
data/farfar2/Mol9.out.3.pdb,farfar2,FARFAR2,0.6737155331144679,0.8821964123582838,8.741,0.7614345539118333,0.6352953647660502,0.7999999999999999,0.7251859006114181,0.8133049726705472
data/farfar2/Mol9.out.4.pdb,farfar2,FARFAR2,0.6309244073144938,0.8207677342949549,14.146,0.7591025645043143,0.5689335779124578,0.7796610169491527,0.6938268779803107,0.7973971809082893
data/farfar2/Mol9.out.5.pdb,farfar2,FARFAR2,0.5917237131624996,0.7668997668997669,12.387,0.747467757807796,0.6055214875238772,0.7586206896551724,0.6273863392643284,0.7948490392287794
data/farfar2/Mol9.out.6.pdb,farfar2,FARFAR2,0.6271013045077404,0.8207677342949549,16.56,0.7085429467317934,0.5459226677973036,0.7017543859649122,0.681415209698215,0.8042571010003595
data/farfar2/Mol9.out.7.pdb,farfar2,FARFAR2,0.6289566338110179,0.8207677342949549,16.199,0.7759410689718838,0.5413475944739963,0.7796610169491527,0.61577983062328,0.8193200278023914
data/farfar2/Mol9.out.8.pdb,farfar2,FARFAR2,0.6362403417354059,0.7668997668997669,10.355,0.7909255155098593,0.5956331995154929,0.7241379310344829,0.5637569832001272,0.7715851074868366
data/farfar2/Mol9.out.9.pdb,farfar2,FARFAR2,0.6289566338110179,0.8207677342949549,20.93,0.7588795178110183,0.6132520983029087,0.7796610169491527,0.5468744712793221,0.8441443785382433
data/farfar2/Mol9.out.rms.1.pdb,farfar2,FARFAR2,0.6309244073144938,0.8207677342949549,5.236,0.7269787236609604,0.6044889437052438,0.7796610169491527,0.6188585873930383,0.7309837301744367
data/farfar2/Mol9.out.rms.2.pdb,farfar2,FARFAR2,0.6737155331144679,0.8821964123582838,5.153,0.7443906448030894,0.6199284886129063,0.7999999999999999,0.6043174098031313,0.8630694661565241
data/farfar2/Mol9.out.rms.3.pdb,farfar2,FARFAR2,0.6309244073144938,0.8207677342949549,5.428,0.7501143345051763,0.59635239653484,0.7796610169491527,0.6069539013808608,0.8093985132710847
data/farfar2/Mol9.out.rms.4.pdb,farfar2,FARFAR2,0.6737155331144679,0.8821964123582838,5.319,0.7599085091297659,0.6247695171058991,0.7999999999999999,0.6171956620705652,0.6898816665153359
data/farfar2/Mol9.out.rms.5.pdb,farfar2,FARFAR2,0.6737155331144679,0.8821964123582838,5.653,0.7973007482024533,0.614631628685382,0.7999999999999999,0.6454661338170393,0.815819740153212
data/casp17/R2307/R2307TS017_1.pdb,casp17,R2307TS017,,,17.872,0.0306322233560206,0.0147914756150567,,0.07155957843429905,0.1491867911933032
data/casp17/R2307/R2307TS017_2.pdb,casp17,R2307TS017,,,21.841,0.0866387550363208,0.0679214962428653,0.0,0.27168938204145404,0.027436243888239058
data/casp17/R2307/R2307TS017_3.pdb,casp17,R2307TS017,,,20.352,-0.071809357170035,-8.438240859556193e-06,,0.04524682598676587,0.026398210995060706
data/casp17/R2307/R2307TS017_4.pdb,casp17,R2307TS017,,,20.407,0.1072900620336155,0.0441396851937542,0.0,-0.015773187926866328,0.0992237342583714
data/casp17/R2307/R2307TS017_5.pdb,casp17,R2307TS017,,,20.502,-0.1500567389923128,0.0215316549061494,0.0,0.06873052681366569,0.03477707000241231
data/casp17/R2307/R2307TS031_1.pdb,casp17,R2307TS031,0.665219888375075,0.8207677342949549,17.127,0.5842985967077977,0.5404763769870493,0.6666666666666666,0.5326301220941739,0.7399934418839988
data/casp17/R2307/R2307TS031_2.pdb,casp17,R2307TS031,0.5082173060616287,0.6005325641789633,29.983,0.4131248047052696,0.3100812647050494,0.53125,0.41258123730630086,0.5820222192742904
data/casp17/R2307/R2307TS031_3.pdb,casp17,R2307TS031,0.5133210719780454,0.6005325641789633,29.259,0.4889245791631255,0.4469309811507657,0.5625,0.4913320155720315,0.5646072974400632
data/casp17/R2307/R2307TS031_4.pdb,casp17,R2307TS031,0.6770265293959307,0.8207677342949549,15.174,0.6271091350416197,0.4154068782599338,0.7457627118644068,0.4044963361621942,0.6518331146494136
data/casp17/R2307/R2307TS031_5.pdb,casp17,R2307TS031,0.4528127941998692,0.7000665968986379,12.494,0.5911345383502916,0.4052090605777476,0.5573770491803278,0.5016512219529061,0.7161192481826819
data/casp17/R2307/R2307TS032_1.pdb,casp17,R2307TS032,0.2034657081195462,0.3125711217572545,23.504,0.293525315704164,0.1950071229173947,0.5333333333333333,0.3456283725282853,0.40391091487667546
data/casp17/R2307/R2307TS032_2.pdb,casp17,R2307TS032,0.3112455461497985,0.5310850045437944,38.793,0.4026762071471516,0.341638019301953,0.608695652173913,0.49069111463404474,0.6539779011072486
data/casp17/R2307/R2307TS032_3.pdb,casp17,R2307TS032,0.3884663152540803,0.4284565854833032,23.531,0.4995800933780431,0.465403118527644,0.4482758620689655,0.5652202249282485,0.5873916970416092
data/casp17/R2307/R2307TS032_4.pdb,casp17,R2307TS032,0.6770265293959307,0.8207677342949549,14.979,0.816679245892269,0.5903446118685755,0.7457627118644068,0.67289025436786,0.6295577604118962
data/casp17/R2307/R2307TS032_5.pdb,casp17,R2307TS032,0.6770265293959307,0.8207677342949549,18.18,0.7829881420986124,0.5414033268901662,0.7457627118644068,0.6627029158512674,0.7415019263910876
data/casp17/R2307/R2307TS033_1.pdb,casp17,R2307TS033,0.6381404417354691,0.7668997668997669,17.952,0.8054102701411856,0.6331757315209698,0.7241379310344829,0.568943327365984,0.6712096000074049
data/casp17/R2307/R2307TS033_2.pdb,casp17,R2307TS033,0.601140802758161,0.7189787465447567,18.268,0.7596579858965253,0.5536691784561197,0.7017543859649122,0.67272528275069,0.6729505552383628
data/casp17/R2307/R2307TS033_3.pdb,casp17,R2307TS033,0.6381404417354691,0.7668997668997669,18.215,0.7228882154693077,0.5324163333214642,0.7241379310344829,0.6322312605384401,0.7152424446020917
data/casp17/R2307/R2307TS033_4.pdb,casp17,R2307TS033,0.6381404417354691,0.7668997668997669,18.283,0.746597256632257,0.5423068057802877,0.7241379310344829,0.6308160650133084,0.7304964939683631
data/casp17/R2307/R2307TS033_5.pdb,casp17,R2307TS033,0.6381404417354691,0.7668997668997669,17.998,0.7671750178230267,0.5677389249596989,0.7241379310344829,0.6792392130536896,0.7524358041081401
data/casp17/R2307/R2307TS034_1.pdb,casp17,R2307TS034,0.5991925003718982,0.8320257192719197,17.216,0.7008750477694272,0.5285772264096543,0.736842105263158,0.5598789075562962,0.6368155823793057
data/casp17/R2307/R2307TS034_2.pdb,casp17,R2307TS034,0.5991925003718982,0.8320257192719197,16.591,0.7501193464854815,0.5877831502758336,0.736842105263158,0.6898299580797407,0.6814755047749632
data/casp17/R2307/R2307TS034_3.pdb,casp17,R2307TS034,0.6344488188782036,0.766899766899767,19.074,0.7785496482505818,0.6023338154533664,0.6785714285714286,0.6366092145602065,0.6558134530420031
data/casp17/R2307/R2307TS034_4.pdb,casp17,R2307TS034,0.6381404417354691,0.7668997668997669,16.598,0.7654674939908034,0.6113050671967496,0.7241379310344829,0.6117004444871247,0.6969865887420963
data/casp17/R2307/R2307TS034_5.pdb,casp17,R2307TS034,0.5991925003718982,0.8320257192719197,17.813,0.7090156902772732,0.525328661728238,0.736842105263158,0.6059600935202941,0.7666414000540126
data/casp17/R2307/R2307TS073_1.pdb,casp17,R2307TS073,0.6770265293959307,0.8207677342949549,17.665,0.7288554024746228,0.5218256313801168,0.7457627118644068,0.5099652983117644,0.5483321496913429
data/casp17/R2307/R2307TS073_2.pdb,casp17,R2307TS073,0.6770265293959307,0.8207677342949549,17.87,0.7477175517699529,0.5438197572289202,0.7457627118644068,0.518805349579767,0.4892455742952261
data/casp17/R2307/R2307TS078_1.pdb,casp17,R2307TS078,0.63537172459252,0.7668997668997668,14.762,0.7592488550328194,0.5580611113897622,0.7241379310344829,0.6115410920866118,0.6827081539815074
data/casp17/R2307/R2307TS078_2.pdb,casp17,R2307TS078,0.6770265293959307,0.8207677342949549,14.918,0.7856460792065668,0.5753020391970577,0.7457627118644068,0.5588316110513357,0.7025179492166362
data/casp17/R2307/R2307TS078_3.pdb,casp17,R2307TS078,0.6381404417354691,0.7668997668997669,14.827,0.7437583994398854,0.5822868095346346,0.7241379310344829,0.5476938008495881,0.7335070535692737
data/casp17/R2307/R2307TS078_4.pdb,casp17,R2307TS078,0.6770265293959307,0.8207677342949549,12.676,0.8075637988708827,0.566791568443529,0.7457627118644068,0.6868879047811601,0.7255138771135047
data/casp17/R2307/R2307TS078_5.pdb,casp17,R2307TS078,0.6381404417354691,0.7668997668997669,15.091,0.728230976943655,0.5761866341118896,0.7241379310344829,0.6684652001876504,0.7448141559497797
data/casp17/R2307/R2307TS161_1.pdb,casp17,R2307TS161,0.6770265293959307,0.8207677342949549,15.013,0.7797331691147501,0.574921393368124,0.7457627118644068,0.6392644206133151,0.748808372639999
data/casp17/R2307/R2307TS161_2.pdb,casp17,R2307TS161,0.6381404417354691,0.7668997668997669,17.304,0.7603684247563034,0.5861527305418128,0.7241379310344829,0.6238513177827725,0.7072006834299808
data/casp17/R2307/R2307TS161_3.pdb,casp17,R2307TS161,0.6381404417354691,0.7668997668997669,17.441,0.809789938057262,0.6075018063736584,0.7241379310344829,0.51372927862828,0.694053509971648
data/casp17/R2307/R2307TS161_4.pdb,casp17,R2307TS161,0.6770265293959307,0.8207677342949549,16.144,0.7715382809578013,0.5957667468011382,0.7457627118644068,0.5382967119612068,0.754544098536931
data/casp17/R2307/R2307TS161_5.pdb,casp17,R2307TS161,0.6344488188782036,0.766899766899767,18.169,0.730105185835329,0.4705310414369454,0.6785714285714286,0.6344493436275124,0.7118291461678613
data/casp17/R2307/R2307TS170_1.pdb,casp17,R2307TS170,0.6019833118981663,0.7189787465447568,18.488,0.6920572574080641,0.5681122116256719,0.7017543859649122,0.4193227316362217,0.5219345776148421
data/casp17/R2307/R2307TS170_2.pdb,casp17,R2307TS170,0.5975074820918872,0.8320257192719198,17.142,0.7267990380640816,0.5996683732745116,0.7719298245614034,0.5747204976436809,0.6232952886126959
data/casp17/R2307/R2307TS170_3.pdb,casp17,R2307TS170,0.5992978140143989,0.7189787465447568,23.533,0.6283731152552476,0.4822916860805201,0.7017543859649122,0.3817462969372144,0.5325040149959396
data/casp17/R2307/R2307TS170_4.pdb,casp17,R2307TS170,0.6770265293959307,0.8207677342949549,16.128,0.7377950452628844,0.6094594083618825,0.7457627118644068,0.5662214355860001,0.7924870337024864
data/casp17/R2307/R2307TS170_5.pdb,casp17,R2307TS170,0.5687807029467419,0.6758295721494914,13.797,0.7478903963326037,0.5594927314306293,0.5806451612903226,0.5611363841417564,0.7169660087924147
data/casp17/R2307/R2307TS177_1.pdb,casp17,R2307TS177,0.6770265293959307,0.8207677342949549,18.104,0.7664679380872924,0.5432841148487346,0.7457627118644068,0.5010965940461498,0.5394555785503994
data/casp17/R2307/R2307TS177_2.pdb,casp17,R2307TS177,0.6770265293959307,0.8207677342949549,15.676,0.7674668509645967,0.550416347039169,0.7457627118644068,0.5424422372364831,0.664157090710527
data/casp17/R2307/R2307TS177_3.pdb,casp17,R2307TS177,0.6381404417354691,0.7668997668997669,17.501,0.7718414915086765,0.7015903710675533,0.7241379310344829,0.5877678900569147,0.7161568064306824
data/casp17/R2307/R2307TS177_4.pdb,casp17,R2307TS177,0.6770265293959307,0.8207677342949549,14.522,0.7322696739932264,0.5703528939078957,0.7457627118644068,0.6332551573675351,0.6999515805158277
data/casp17/R2307/R2307TS177_5.pdb,casp17,R2307TS177,0.5969809138793837,0.7189787465447567,17.773,0.5942581085720374,0.497863649807189,0.5423728813559322,0.5349394532846247,0.5958822238456196
data/casp17/R2307/R2307TS272_1.pdb,casp17,R2307TS272,0.6770265293959307,0.8207677342949549,14.649,0.7730300806809828,0.5773382266013447,0.7457627118644068,0.6281322294450785,0.7263339868507398
data/casp17/R2307/R2307TS272_2.pdb,casp17,R2307TS272,0.6381404417354691,0.7668997668997669,15.0,0.7532139969827264,0.6114297753760604,0.7241379310344829,0.562878609340291,0.7140983250394294
data/casp17/R2307/R2307TS272_3.pdb,casp17,R2307TS272,0.6770265293959307,0.8207677342949549,14.926,0.7680742986163235,0.5702346152730203,0.7457627118644068,0.5180517336078589,0.6416345993648108
data/casp17/R2307/R2307TS272_4.pdb,casp17,R2307TS272,0.6770265293959307,0.8207677342949549,17.102,0.7941299616390144,0.5938230559371868,0.7457627118644068,0.7016187549490792,0.643085751013792
data/casp17/R2307/R2307TS272_5.pdb,casp17,R2307TS272,0.6770265293959307,0.8207677342949549,17.843,0.8071518939781465,0.6635446575049163,0.7457627118644068,0.3379303916002302,0.6852945434081421
data/casp17/R2307/R2307TS278_1.pdb,casp17,R2307TS278,,,19.172,0.2039959861827222,0.2557366388183459,0.0,0.09619307492063868,0.3873710807311586
data/casp17/R2307/R2307TS278_2.pdb,casp17,R2307TS278,0.0400622621850535,0.0758692863633991,14.338,0.2578757127840355,0.2061255984187684,0.0,0.3280248545553022,0.37269444064119217
data/casp17/R2307/R2307TS278_3.pdb,casp17,R2307TS278,,,16.368,0.2048590453904277,0.2818760477002053,0.0,0.09870740122471137,0.21926191946352788
data/casp17/R2307/R2307TS278_4.pdb,casp17,R2307TS278,,,16.646,0.2532251665653692,0.299858489293123,0.0,0.14914265037755967,0.22660461946542393
data/casp17/R2307/R2307TS278_5.pdb,casp17,R2307TS278,0.0633542750833404,0.0758692863633992,17.027,0.2791493516183209,0.035445994489913,0.0,0.224519022787535,0.2426321741697877
data/casp17/R2307/R2307TS315_1.pdb,casp17,R2307TS315,0.6770265293959307,0.8207677342949549,12.753,0.8009137509904654,0.6131721589427234,0.7457627118644068,0.7058716753645773,0.7674388885737928
data/casp17/R2307/R2307TS315_2.pdb,casp17,R2307TS315,0.6381404417354691,0.7668997668997669,18.223,0.6771445294285835,0.5278104642209106,0.7241379310344829,0.5676057902138886,0.6216766416539243
data/casp17/R2307/R2307TS315_3.pdb,casp17,R2307TS315,0.5290860487936624,0.5154318497851419,18.476,0.5343302699696875,0.4160560086890067,0.3174603174603174,0.5777805855709753,0.612305413673383
data/casp17/R2307/R2307TS315_4.pdb,casp17,R2307TS315,0.6381404417354691,0.7668997668997669,17.675,0.7609311010801334,0.5691179363387436,0.7241379310344829,0.6106754958323167,0.7543260135853702
data/casp17/R2307/R2307TS315_5.pdb,casp17,R2307TS315,0.6770265293959307,0.8207677342949549,14.185,0.7522533073941614,0.5886578293985343,0.7457627118644068,0.5557275325419424,0.6625690534950532
data/casp17/R2307/R2307TS355_1.pdb,casp17,R2307TS355,0.6770265293959307,0.8207677342949549,14.92,0.7915140224408335,0.6094997916341003,0.6376811594202898,0.531396427359438,0.7205366484551463
data/casp17/R2307/R2307TS355_2.pdb,casp17,R2307TS355,0.4307883760130332,0.4851397726397647,20.191,0.5555736975668605,0.4519120614447064,0.4516129032258064,0.5867403737174133,0.5480554898126804
data/casp17/R2307/R2307TS355_3.pdb,casp17,R2307TS355,0.4586556014124788,0.638019953093472,20.66,0.699429959521192,0.5138258267812088,0.7037037037037037,0.47301269334103035,0.6763385850730621
data/casp17/R2307/R2307TS355_4.pdb,casp17,R2307TS355,0.4125571072969435,0.4794361189647589,19.02,0.6293019785983757,0.412203095778227,0.52,0.23846759783800925,0.3751084185940361
data/casp17/R2307/R2307TS355_5.pdb,casp17,R2307TS355,0.5449124568723496,0.744101507650034,16.363,0.7078520067228864,0.4800534984514731,0.6909090909090909,0.3969112081772858,0.6624516229989669
data/casp17/R2307/R2307TS357_1.pdb,casp17,R2307TS357,0.1004313168071768,0.1000887606964939,25.029,0.0210580335771702,-0.1436762867870785,0.2285714285714286,0.20729147165688278,0.2565430669208338
data/casp17/R2307/R2307TS357_2.pdb,casp17,R2307TS357,0.1436098967464212,0.0055656783200991,24.231,0.03697201823256,-0.065797061833656,0.0,0.22243704014432414,0.3760663827343911
data/casp17/R2307/R2307TS357_3.pdb,casp17,R2307TS357,0.6361317645925453,0.8834498834498834,17.457,0.7308518251816192,0.6136728948782392,0.7586206896551724,0.6763369283445423,0.6727076623753225
data/casp17/R2307/R2307TS357_4.pdb,casp17,R2307TS357,0.6381404417354691,0.7668997668997669,18.887,0.785273922808638,0.588272918776546,0.7241379310344829,0.4431130491398077,0.47533716915543006
data/casp17/R2307/R2307TS357_5.pdb,casp17,R2307TS357,0.6770265293959307,0.8207677342949549,16.096,0.762275886203945,0.5723570214306741,0.7457627118644068,0.47315200444206573,0.5246496756768426
data/casp17/R2307/R2307TS403_1.pdb,casp17,R2307TS403,0.6770265293959307,0.8207677342949549,12.676,0.8075637988708827,0.566791568443529,0.7457627118644068,0.6868876232122301,0.7255138586695673
data/casp17/R2307/R2307TS403_2.pdb,casp17,R2307TS403,0.63537172459252,0.7668997668997668,14.804,0.7406585092761704,0.5472433743473953,0.7241379310344829,0.5820231915339653,0.7640655631459681
data/casp17/R2307/R2307TS403_3.pdb,casp17,R2307TS403,0.6770265293959307,0.8207677342949549,10.684,0.788052561463587,0.5888288492136659,0.7457627118644068,0.6591024057082061,0.7109789414886379
data/casp17/R2307/R2307TS403_4.pdb,casp17,R2307TS403,0.6770265293959307,0.8207677342949549,14.57,0.7673511226259808,0.5841600192926235,0.7457627118644068,0.6209747520875424,0.7735206054683635
data/casp17/R2307/R2307TS403_5.pdb,casp17,R2307TS403,0.6381404417354691,0.7668997668997669,15.091,0.728230976943655,0.5761866341118896,0.7241379310344829,0.6684656489129868,0.7448144624100215
data/casp17/R2307/R2307TS419_1.pdb,casp17,R2307TS419,0.6361317645925453,0.8834498834498834,19.997,0.7197480908883062,0.4999142785139242,0.7586206896551724,0.5596116229122227,0.6205547638108315
data/casp17/R2307/R2307TS419_2.pdb,casp17,R2307TS419,0.6770265293959307,0.8207677342949549,14.148,0.6881913160984373,0.4315443381695023,0.7457627118644068,0.5611475760745989,0.4967599604703378
data/casp17/R2307/R2307TS419_3.pdb,casp17,R2307TS419,0.6361317645925453,0.8834498834498834,18.561,0.6712335673881074,0.5426261227902652,0.7586206896551724,0.6749046386576154,0.6032913706773216
data/casp17/R2307/R2307TS419_4.pdb,casp17,R2307TS419,0.6770265293959307,0.8207677342949549,15.489,0.6178713368962956,0.374632208684658,0.7457627118644068,0.5647303090183896,0.6122913071575304
data/casp17/R2307/R2307TS419_5.pdb,casp17,R2307TS419,0.6770265293959307,0.8207677342949549,17.37,0.6669028610635247,0.5092376169417092,0.7457627118644068,0.6004877288677366,0.6965237243994289
data/casp17/R2307/R2307TS439_1.pdb,casp17,R2307TS439,0.6770265293959307,0.8207677342949549,13.358,0.7894362092206457,0.5565017374544794,0.7457627118644068,0.6264396893816289,0.7355694728791785
data/casp17/R2307/R2307TS439_2.pdb,casp17,R2307TS439,0.6018253414344154,0.7189787465447567,13.054,0.7640468870366359,0.5892268941237495,0.5901639344262296,0.5709458902395504,0.6268314427824271
data/casp17/R2307/R2307TS439_3.pdb,casp17,R2307TS439,0.6381404417354691,0.7668997668997669,18.25,0.7299024219132522,0.5601251710134991,0.7241379310344829,0.6185747950976621,0.6574289495817277
data/casp17/R2307/R2307TS439_4.pdb,casp17,R2307TS439,0.6125705245917631,0.7086247086247086,16.75,0.8076014828306783,0.5931131815718348,0.5666666666666665,0.532286315701522,0.6685679399492569
data/casp17/R2307/R2307TS439_5.pdb,casp17,R2307TS439,0.6770265293959307,0.8207677342949549,12.769,0.8136859199211833,0.5923844834939537,0.7457627118644068,0.6764106096882643,0.7467938364963989
data/casp17/R2307/R2307TS468_1.pdb,casp17,R2307TS468,0.6770265293959307,0.8207677342949549,13.54,0.8021826530715488,0.5668419635919789,0.7457627118644068,0.683389939763033,0.7558898511322093
data/casp17/R2307/R2307TS468_2.pdb,casp17,R2307TS468,0.601140802758161,0.7189787465447567,18.04,0.7261429843484383,0.5854860778838034,0.7017543859649122,0.648159730326943,0.6955295903718857
data/casp17/R2307/R2307TS468_3.pdb,casp17,R2307TS468,0.563756229016368,0.7858995350402879,17.519,0.7416243934836243,0.5371247285278214,0.7142857142857143,0.6205261048639794,0.6891799599350967
data/casp17/R2307/R2307TS468_4.pdb,casp17,R2307TS468,0.6355345903068111,0.7668997668997669,16.645,0.8262578826716613,0.6035918703356035,0.6000000000000001,0.5866904696599393,0.7748017439579493
data/casp17/R2307/R2307TS468_5.pdb,casp17,R2307TS468,0.6770265293959307,0.8207677342949549,12.823,0.8008307562289918,0.5110913151271712,0.7457627118644068,0.7338417113945861,0.7236246039011837
data/casp17/R2307/R2307TS488_1.pdb,casp17,R2307TS488,0.5133210719780454,0.6005325641789633,18.251,0.7153601923629113,0.558439846485241,0.5625,0.7164896771604168,0.7468441126909956
data/casp17/R2307/R2307TS488_2.pdb,casp17,R2307TS488,0.5992978140143989,0.7189787465447567,15.123,0.7908343379434032,0.5529616962925857,0.5901639344262296,0.6063742902005842,0.7075063634035816
data/casp17/R2307/R2307TS488_3.pdb,casp17,R2307TS488,0.5698061057896753,0.6758295721494912,16.235,0.7450199151073711,0.514230810696922,0.5806451612903226,0.5247372902810771,0.5527520422624108
data/casp17/R2307/R2307TS488_4.pdb,casp17,R2307TS488,0.6770265293959307,0.8207677342949549,14.804,0.8356812788389364,0.6248231052838336,0.7457627118644068,0.6099831819983549,0.8116233260975224
data/casp17/R2307/R2307TS488_5.pdb,casp17,R2307TS488,0.5133210719780454,0.6005325641789633,23.586,0.7458662634555997,0.5692046026386745,0.5625,0.6262838042478114,0.7491115229902864
data/casp17/R2307/R2307TS494_1.pdb,casp17,R2307TS494,0.6344488188782036,0.766899766899767,18.564,0.7192844479499767,0.5244118329452091,0.6785714285714286,0.6475859089492255,0.7665534843951638
data/casp17/R2307/R2307TS494_2.pdb,casp17,R2307TS494,0.6770265293959307,0.8207677342949549,18.038,0.7363479071350729,0.5396083645420218,0.7457627118644068,0.6104145374428775,0.6190291333320375
data/casp17/R2307/R2307TS494_3.pdb,casp17,R2307TS494,0.6331458931638747,0.7668997668997669,18.258,0.72494979020956,0.5060372361690524,0.6000000000000001,0.605812936463588,0.7044105166658232
data/casp17/R2307/R2307TS494_4.pdb,casp17,R2307TS494,0.5192100326508338,0.6005325641789633,25.836,0.6692608502580616,0.5375361883145963,0.5,0.6851434868949846,0.7062263183382896
data/casp17/R2307/R2307TS494_5.pdb,casp17,R2307TS494,0.6054586621006889,0.7189787465447567,18.133,0.7345074016901122,0.5782939034271843,0.7017543859649122,0.633763296783159,0.5936941362279307
data/casp17/R2307/R2307TS521_1.pdb,casp17,R2307TS521,0.6770265293959307,0.8207677342949549,15.638,0.7941884629992007,0.598804994087406,0.7457627118644068,0.6412044157812788,0.713747329887185
data/casp17/R2307/R2307TS521_2.pdb,casp17,R2307TS521,0.6770265293959307,0.8207677342949549,15.19,0.7742359717170169,0.5995781952185689,0.7457627118644068,0.6112280364580588,0.7558686218885224
data/casp17/R2307/R2307TS521_3.pdb,casp17,R2307TS521,0.6770265293959307,0.8207677342949549,15.921,0.7764541405055637,0.5981228143867228,0.7457627118644068,0.5175801136192444,0.7135415061280591
data/casp17/R2307/R2307TS521_4.pdb,casp17,R2307TS521,0.6770265293959307,0.8207677342949549,18.229,0.7974591003999395,0.5980204100411175,0.7457627118644068,0.673798162770047,0.8457961119808686
data/casp17/R2307/R2307TS521_5.pdb,casp17,R2307TS521,0.6770265293959307,0.8207677342949549,18.006,0.7577784527944176,0.5801387166626962,0.7457627118644068,0.6798378971778585,0.7621169335397359
data/casp17/R2307/R2307TS522_1.pdb,casp17,R2307TS522,0.63537172459252,0.7668997668997668,14.953,0.765175864980408,0.5698510010257541,0.7241379310344829,0.5327600200223792,0.7337494269011774
data/casp17/R2307/R2307TS522_2.pdb,casp17,R2307TS522,0.6770265293959307,0.8207677342949549,14.788,0.7639214065924852,0.5572295815218155,0.7457627118644068,0.5506137729087529,0.6674040999386932
data/casp17/R2307/R2307TS522_3.pdb,casp17,R2307TS522,0.6770265293959307,0.8207677342949549,14.945,0.7028318855182532,0.558342164666794,0.7457627118644068,0.5876231531094771,0.7617128695648997
data/casp17/R2307/R2307TS522_4.pdb,casp17,R2307TS522,0.6770265293959307,0.8207677342949549,14.758,0.733702789039779,0.5579755580798159,0.7457627118644068,0.6483048487140963,0.7360442924549938
data/casp17/R2307/R2307TS522_5.pdb,casp17,R2307TS522,0.63537172459252,0.7668997668997668,15.355,0.7507047947882904,0.5905622035819084,0.7241379310344829,0.5442895331747963,0.6906826166019011
data/casp17/R2307/R2307TS531_1.pdb,casp17,R2307TS531,0.6770265293959307,0.8207677342949549,14.541,0.7659191487484286,0.5717700850047138,0.7457627118644068,0.6338941531482273,0.7236260136780945
data/casp17/R2307/R2307TS531_2.pdb,casp17,R2307TS531,0.6770265293959307,0.8207677342949549,14.97,0.7582771328984891,0.556430160622565,0.7457627118644068,0.4341823687646831,0.5982711009801992
data/casp17/R2307/R2307TS531_3.pdb,casp17,R2307TS531,0.63537172459252,0.7668997668997668,15.349,0.7645367263601731,0.5747516271950436,0.7241379310344829,0.4501221871930798,0.7475818581580347
data/casp17/R2307/R2307TS531_4.pdb,casp17,R2307TS531,0.6770265293959307,0.8207677342949549,15.879,0.781101863279655,0.5846518564057159,0.6376811594202898,0.6362663169346762,0.7736411818892683
data/casp17/R2307/R2307TS531_5.pdb,casp17,R2307TS531,0.6381404417354691,0.7668997668997669,14.746,0.7552522654676869,0.5801925777158572,0.7241379310344829,0.6400766369417479,0.6559672876499221
data/casp17/R2307/R2307TS552_1.pdb,casp17,R2307TS552,0.6770265293959307,0.8207677342949549,16.337,0.7639724576060521,0.5871536925959339,0.7457627118644068,0.6854320706251963,0.7399832361547003
data/casp17/R2307/R2307TS552_2.pdb,casp17,R2307TS552,0.6770265293959307,0.8207677342949549,14.519,0.8009387422849757,0.5267870405993782,0.7457627118644068,0.5706844061397066,0.806541008441259
data/casp17/R2307/R2307TS552_3.pdb,casp17,R2307TS552,0.6770265293959307,0.8207677342949549,14.638,0.7346472887216077,0.4624225319008488,0.7457627118644068,0.4840848929763903,0.7459759908194241
data/casp17/R2307/R2307TS552_4.pdb,casp17,R2307TS552,0.6381404417354691,0.7668997668997669,18.19,0.763584274710277,0.5603545189280464,0.7241379310344829,0.5953570149663461,0.6666884445616512
data/casp17/R2307/R2307TS552_5.pdb,casp17,R2307TS552,0.6558928045932012,0.7086247086247086,16.712,0.6436994565170538,0.5425487488995181,0.6206896551724138,0.5352719577711104,0.5094119848050336
data/casp17/R2307/R2307TS575_1.pdb,casp17,R2307TS575,0.63537172459252,0.7668997668997668,15.093,0.7017564478381935,0.4456328647314266,0.7241379310344829,0.549305437981706,0.6240937662585201
data/casp17/R2307/R2307TS575_2.pdb,casp17,R2307TS575,0.63537172459252,0.7668997668997668,15.093,0.7017564478381935,0.4456328647314266,0.7241379310344829,0.5493056918119325,0.6240937672174625
data/casp17/R2307/R2307TS575_3.pdb,casp17,R2307TS575,0.63537172459252,0.7668997668997668,15.093,0.7017564478381935,0.4456328647314266,0.7241379310344829,0.5493056551640795,0.6240940646162684
data/casp17/R2307/R2307TS575_4.pdb,casp17,R2307TS575,0.63537172459252,0.7668997668997668,14.032,0.7770552236107378,0.5917183048946215,0.7241379310344829,0.5021696286425126,0.6034892644794284
data/casp17/R2307/R2307TS575_5.pdb,casp17,R2307TS575,0.63537172459252,0.7668997668997668,15.477,0.7724385369176927,0.5778843015135358,0.7241379310344829,0.4424436444912382,0.6162335964370229
data/casp17/R2307/R2307TS581_1.pdb,casp17,R2307TS581,0.6044055256756821,0.7189787465447568,17.977,0.7287959345272985,0.4789526473680376,0.5901639344262296,0.5568533667632456,0.6307504301627322
data/casp17/R2307/R2307TS581_2.pdb,casp17,R2307TS581,0.6344488188782036,0.766899766899767,19.491,0.6784513340517059,0.4316861081631908,0.6785714285714286,0.4879798204001679,0.5566028159154305
data/casp17/R2307/R2307TS581_3.pdb,casp17,R2307TS581,0.5133210719780454,0.6005325641789633,16.452,0.776749264502201,0.5589543897221851,0.5625,0.694042967694792,0.7083188738402721
data/casp17/R2307/R2307TS581_4.pdb,casp17,R2307TS581,0.633634490306748,0.7668997668997669,15.646,0.7000441124296851,0.5990297140841632,0.7586206896551724,0.6979572836158618,0.6912970895168069
data/casp17/R2307/R2307TS581_5.pdb,casp17,R2307TS581,-0.2163751688694654,0.0475433054880445,25.909,-0.2458177093015835,-0.1224604280700246,0.0,-0.02859657674564973,0.03109741211476794
data/casp17/R2307/R2307TS585_1.pdb,casp17,R2307TS585,0.6770265293959307,0.8207677342949549,14.379,0.7813745490522518,0.579067702219401,0.7457627118644068,0.5684244625543133,0.6784851468116891
data/casp17/R2307/R2307TS585_2.pdb,casp17,R2307TS585,0.6770265293959307,0.8207677342949549,15.052,0.7668052778320871,0.5651082341586939,0.7457627118644068,0.5896191673243507,0.6964940840972128
data/casp17/R2307/R2307TS585_3.pdb,casp17,R2307TS585,0.6770265293959307,0.8207677342949549,14.649,0.7730300806809828,0.5773382266013447,0.7457627118644068,0.6281321925558307,0.7263344042466247
data/casp17/R2307/R2307TS585_4.pdb,casp17,R2307TS585,0.6770265293959307,0.8207677342949549,15.013,0.7797331691147501,0.574921393368124,0.7457627118644068,0.6392642146384491,0.7488077385244795
data/casp17/R2307/R2307TS585_5.pdb,casp17,R2307TS585,0.6770265293959307,0.8207677342949549,14.876,0.7673475853484534,0.5973028836843743,0.7457627118644068,0.6397118979244935,0.6898659825897908
data/casp17/R2307/R2307TS591_1.pdb,casp17,R2307TS591,0.6770265293959307,0.8207677342949549,14.564,0.7643981812836919,0.5993092531571098,0.7457627118644068,0.32047254681298326,0.620021446643743
data/casp17/R2307/R2307TS591_2.pdb,casp17,R2307TS591,0.6770265293959307,0.8207677342949549,14.935,0.761153853599363,0.564640147202109,0.7457627118644068,0.607378308462586,0.7090940131059168
data/casp17/R2307/R2307TS591_3.pdb,casp17,R2307TS591,0.6770265293959307,0.8207677342949549,14.76,0.7736334612164012,0.5787108943396764,0.7457627118644068,0.5056635045967214,0.6596322018028428
data/casp17/R2307/R2307TS591_4.pdb,casp17,R2307TS591,0.6770265293959307,0.8207677342949549,14.809,0.7535493181833054,0.5806742086396837,0.7457627118644068,0.6406706591372359,0.6897504760622515
data/casp17/R2307/R2307TS591_5.pdb,casp17,R2307TS591,0.6770265293959307,0.8207677342949549,14.512,0.7412875485291142,0.5545537745353564,0.7457627118644068,0.5808522328523607,0.7290174699593149
data/casp17/R2307/R2307TS597_1.pdb,casp17,R2307TS597,0.5045857803134095,0.7058891543857988,17.229,0.670576730647821,0.5222785914155498,0.7407407407407408,0.4978423645739472,0.5206322031799424
data/casp17/R2307/R2307TS597_2.pdb,casp17,R2307TS597,0.6297257131637611,0.7668997668997668,18.235,0.6405053263182678,0.4575833743667103,0.6000000000000001,0.46704514100446687,0.6217688329352706
data/casp17/R2307/R2307TS597_3.pdb,casp17,R2307TS597,0.6770265293959307,0.8207677342949549,16.877,0.7863631598441119,0.5752014253582993,0.7457627118644068,0.44390718157899806,0.6730586153017399
data/casp17/R2307/R2307TS597_4.pdb,casp17,R2307TS597,0.6770265293959307,0.8207677342949549,5.628,0.8027531994694217,0.6038907639983665,0.7457627118644068,0.5841157614340512,0.6511759361830568
data/casp17/R2307/R2307TS597_5.pdb,casp17,R2307TS597,0.6392262131640765,0.7668997668997668,18.664,0.7652204659906413,0.6007373720367647,0.6000000000000001,0.44730616927731776,0.6275548634271011
data/casp17/R2307/R2307TS625_1.pdb,casp17,R2307TS625,0.6381404417354691,0.7668997668997669,16.888,0.790745335454213,0.5663126285838592,0.7241379310344829,0.598929753014952,0.6614642818144449
data/casp17/R2307/R2307TS625_2.pdb,casp17,R2307TS625,0.6381404417354691,0.7668997668997669,16.805,0.799213447594458,0.6104623746008587,0.7241379310344829,0.6222570483578684,0.6798596064731088
data/casp17/R2307/R2307TS625_3.pdb,casp17,R2307TS625,0.6770265293959307,0.8207677342949549,16.246,0.7702100652808365,0.5577445856481844,0.7457627118644068,0.6202407613041748,0.6877542192760772
data/casp17/R2307/R2307TS625_4.pdb,casp17,R2307TS625,0.6770265293959307,0.8207677342949549,14.45,0.7685916399709157,0.5688738964142473,0.7457627118644068,0.6458349706962246,0.633442552105338
data/casp17/R2307/R2307TS625_5.pdb,casp17,R2307TS625,0.1555176364338839,0.0342408918172216,27.821,0.165831255147225,0.0578261849780399,0.0,0.2307266769870093,0.18781743587401728
data/casp17/R2307/R2307TS697_1.pdb,casp17,R2307TS697,0.6770265293959307,0.8207677342949549,14.788,0.7639214065924852,0.5572295815218155,0.7457627118644068,0.550613840587783,0.6674040986554476
data/casp17/R2307/R2307TS697_2.pdb,casp17,R2307TS697,0.6770265293959307,0.8207677342949549,14.945,0.7028318855182532,0.558342164666794,0.7457627118644068,0.587622977506635,0.76171297508913
data/casp17/R2307/R2307TS697_3.pdb,casp17,R2307TS697,0.6770265293959307,0.8207677342949549,14.758,0.733702789039779,0.5579755580798159,0.7457627118644068,0.648304990880776,0.7360440185842895
data/casp17/R2307/R2307TS697_4.pdb,casp17,R2307TS697,0.63537172459252,0.7668997668997668,15.355,0.7507047947882904,0.5905622035819084,0.7241379310344829,0.5442892259628653,0.6906825415768155
data/casp17/R2307/R2307TS697_5.pdb,casp17,R2307TS697,0.6770265293959307,0.8207677342949549,14.585,0.7185660776377469,0.5445021132502369,0.7457627118644068,0.6524715374237782,0.7615354663398918
data/casp17/R2307/R2307TS702_1.pdb,casp17,R2307TS702,0.1856004105373774,0.3476767476825577,27.254,0.3788409502703604,0.2126628665988153,0.5454545454545454,0.26603432360099083,0.3209549590709566
data/casp17/R2307/R2307TS702_2.pdb,casp17,R2307TS702,0.1984231841044083,0.3311896883760267,28.889,0.2332972351083227,0.2309066363294763,0.3255813953488372,0.3160350484353238,0.3137048885360876
data/casp17/R2307/R2307TS702_3.pdb,casp17,R2307TS702,0.2210141674493526,0.3125711217572545,27.871,0.2902643642937904,0.3928152150504486,0.1777777777777777,0.545496270094822,0.5518045864600633
data/casp17/R2307/R2307TS702_4.pdb,casp17,R2307TS702,0.3213655241676748,0.5310850045437944,38.789,0.4155501399199831,0.3032816963644438,0.6666666666666666,0.5443626991096208,0.5790870819274673
data/casp17/R2307/R2307TS702_5.pdb,casp17,R2307TS702,0.3884663152540803,0.4284565854833032,23.532,0.508897944942611,0.468443129323617,0.4482758620689655,0.5531829490990573,0.5928693972660235
data/casp17/R2307/R2307TS738_1.pdb,casp17,R2307TS738,0.6770265293959307,0.8207677342949549,17.962,0.7019841208500098,0.484197135672151,0.7457627118644068,0.44287559977819724,0.5663034974080023
data/casp17/R2307/R2307TS738_2.pdb,casp17,R2307TS738,0.6770265293959307,0.8207677342949549,17.65,0.7259892772180015,0.4934289535963624,0.7457627118644068,0.6340615381989456,0.7029373891884697
data/casp17/R2307/R2307TS738_3.pdb,casp17,R2307TS738,0.6355345903068111,0.7668997668997669,17.573,0.7312355495992078,0.4967406489933091,0.6000000000000001,0.5374328696488382,0.5220061226936392
data/casp17/R2307/R2307TS738_4.pdb,casp17,R2307TS738,0.6770265293959307,0.8207677342949549,17.991,0.7156606907878256,0.481648461671551,0.7457627118644068,0.5206782997530204,0.613132760973357
data/casp17/R2307/R2307TS738_5.pdb,casp17,R2307TS738,0.6355345903068111,0.7668997668997669,18.037,0.7645284049529361,0.5270829036920505,0.6000000000000001,0.4953063653199825,0.6650133488393161
data/casp17/R2307/R2307TS755_1.pdb,casp17,R2307TS755,0.63537172459252,0.7668997668997668,14.762,0.7592488550328194,0.5580611113897622,0.7241379310344829,0.6115413048313099,0.6827078363311041
data/casp17/R2307/R2307TS755_2.pdb,casp17,R2307TS755,0.6770265293959307,0.8207677342949549,14.918,0.7856460792065668,0.5753020391970577,0.7457627118644068,0.5588309386601125,0.7025177778124934
data/casp17/R2307/R2307TS755_3.pdb,casp17,R2307TS755,0.6381404417354691,0.7668997668997669,14.827,0.7437583994398854,0.5822868095346346,0.7241379310344829,0.5476935367916458,0.733507026670585
data/casp17/R2307/R2307TS755_4.pdb,casp17,R2307TS755,0.6770265293959307,0.8207677342949549,12.676,0.8075637988708827,0.566791568443529,0.7457627118644068,0.6868877726571855,0.7255138436609097
data/casp17/R2307/R2307TS755_5.pdb,casp17,R2307TS755,0.6381404417354691,0.7668997668997669,15.091,0.728230976943655,0.5761866341118896,0.7241379310344829,0.6684651898339514,0.7448144909466284
data/casp17/R2307/R2307TS770_1.pdb,casp17,R2307TS770,0.6381404417354691,0.7668997668997669,17.612,0.7852357496266412,0.6162005634576042,0.7241379310344829,0.6269556957435518,0.733171470966082
data/casp17/R2307/R2307TS770_2.pdb,casp17,R2307TS770,0.6381404417354691,0.7668997668997669,17.844,0.7485978034088536,0.5501688726248904,0.7241379310344829,0.5732655680421632,0.7317032585895613
data/casp17/R2307/R2307TS770_3.pdb,casp17,R2307TS770,0.6381404417354691,0.7668997668997669,17.2,0.7558792011592613,0.6175594922987427,0.7241379310344829,0.623033731154579,0.693543075415132
data/casp17/R2307/R2307TS770_4.pdb,casp17,R2307TS770,0.5989818730868968,0.7189787465447567,16.099,0.7477108396005118,0.6073415961101475,0.6101694915254238,0.6859209974383011,0.6752970747610699
data/casp17/R2307/R2307TS770_5.pdb,casp17,R2307TS770,0.573753906734969,0.6758295721494912,16.67,0.762138328529641,0.5205695717005272,0.5806451612903226,0.6961097341527748,0.6956888332777247
data/casp17/R2307/R2307TS802_1.pdb,casp17,R2307TS802,0.6770265293959307,0.8207677342949549,18.121,0.7449115974259877,0.5474189544117672,0.7457627118644068,0.4502918479670062,0.3846480334398281
data/casp17/R2307/R2307TS802_2.pdb,casp17,R2307TS802,0.6770265293959307,0.8207677342949549,18.119,0.7616920469871188,0.5502973216410397,0.7457627118644068,0.5107598068948919,0.6109684113416105
data/casp17/R2307/R2307TS802_3.pdb,casp17,R2307TS802,0.6770265293959307,0.8207677342949549,16.76,0.7938190011205883,0.5633905902764087,0.7457627118644068,0.6342127341318571,0.7573524704007037
data/casp17/R2307/R2307TS802_4.pdb,casp17,R2307TS802,,,17.172,0.7220155654247841,0.4258549777021477,0.4814814814814814,0.6459717614902915,0.6641536917969239
data/casp17/R2307/R2307TS802_5.pdb,casp17,R2307TS802,0.6021412823619173,0.7189787465447567,16.401,0.7548055028189297,0.5037859576647191,0.5901639344262296,0.6019346681586132,0.6259049268512151
data/casp17/R2307/R2307TS841_1.pdb,casp17,R2307TS841,0.6770265293959307,0.8207677342949549,4.694,0.8165136915946782,0.4995559704938687,0.7457627118644068,0.5608332888606112,0.6966598477556623
data/casp17/R2307/R2307TS841_2.pdb,casp17,R2307TS841,0.6770265293959307,0.8207677342949549,5.561,0.7424601488997268,0.418780455411354,0.7457627118644068,0.5581757234531936,0.5333054642652796
data/casp17/R2307/R2307TS841_3.pdb,casp17,R2307TS841,0.6770265293959307,0.8207677342949549,5.244,0.7466519285662078,0.5155170359076755,0.7457627118644068,0.6637908799269987,0.6068965671077815
data/casp17/R2307/R2307TS841_4.pdb,casp17,R2307TS841,0.6770265293959307,0.8207677342949549,4.601,0.748932218640513,0.4337368770814366,0.7457627118644068,0.5711044173446747,0.5756544544171077
data/casp17/R2307/R2307TS841_5.pdb,casp17,R2307TS841,0.6770265293959307,0.8207677342949549,4.98,0.767609452843508,0.4691783993584502,0.7457627118644068,0.5935711862818134,0.5977017216568461
data/casp17/R2307/R2307TS859_1.pdb,casp17,R2307TS859,0.5133210719780454,0.6005325641789633,18.364,0.7110833445216821,0.5560244916861867,0.5625,0.7299892902210849,0.7240067120067185
data/casp17/R2307/R2307TS859_2.pdb,casp17,R2307TS859,0.5133210719780454,0.6005325641789633,18.251,0.7153601923629113,0.558439846485241,0.5625,0.7164894884987073,0.7468441775651099
data/casp17/R2307/R2307TS859_3.pdb,casp17,R2307TS859,0.5992978140143989,0.7189787465447567,15.123,0.7908343379434032,0.5529616962925857,0.5901639344262296,0.6063743411018864,0.7075062127642575
data/casp17/R2307/R2307TS859_4.pdb,casp17,R2307TS859,0.5988239026231458,0.7189787465447568,15.103,0.7911077059833653,0.5530411404411373,0.5901639344262296,0.6070036137997347,0.7193979976072529
data/casp17/R2307/R2307TS859_5.pdb,casp17,R2307TS859,0.6021412823619173,0.7189787465447567,16.187,0.7473051301102532,0.5199065766654366,0.5901639344262296,0.49634302544797826,0.48624158355389724
data/casp17/R2307/R2307TS872_1.pdb,casp17,R2307TS872,0.6770265293959307,0.8207677342949549,12.008,0.7988324341586598,0.5806678661279988,0.7457627118644068,0.7276932498313387,0.7136085809617001
data/casp17/R2307/R2307TS872_2.pdb,casp17,R2307TS872,0.6770265293959307,0.8207677342949549,12.817,0.792324497878252,0.5736628134283376,0.7457627118644068,0.6791466023232762,0.6632931167202242
data/casp17/R2307/R2307TS872_3.pdb,casp17,R2307TS872,0.6770265293959307,0.8207677342949549,11.999,0.7992828425447033,0.5682447357646345,0.7457627118644068,0.5244564211964711,0.7559991415464616
data/casp17/R2307/R2307TS872_4.pdb,casp17,R2307TS872,0.6770265293959307,0.8207677342949549,11.771,0.8000098564688616,0.570939130470887,0.7457627118644068,0.5090260118280039,0.7476133255839861
data/casp17/R2307/R2307TS872_5.pdb,casp17,R2307TS872,0.6770265293959307,0.8207677342949549,12.008,0.7988324341586598,0.5806678661279988,0.7457627118644068,0.7276928659461691,0.7136085618161231
